ID,Entidad,Poblacion Mexicana,Poblacion Total
0500000US24027,"Howard County, Maryland",3772,287085
0500000US30047,"Lake County, Montana",691,28746
0500000US51179,"Stafford County, Virginia",2673,128961
0500000US06065,"Riverside County, California",826515,2189641
0500000US20113,"McPherson County, Kansas",751,29180
0500000US35045,"San Juan County, New Mexico",10035,130044
0500000US40153,"Woodward County, Oklahoma",1679,20081
0500000US22115,"Vernon Parish, Louisiana",1723,52334
0500000US24025,"Harford County, Maryland",2006,244826
0500000US48275,"Knox County, Texas",913,3719
0500000US56035,"Sublette County, Wyoming",1066,10247
0500000US48121,"Denton County, Texas",85795,662614
0500000US13153,"Houston County, Georgia",4703,139900
0500000US27053,"Hennepin County, Minnesota",47810,1152425
0500000US08043,"Fremont County, Colorado",3096,46824
0500000US55033,"Dunn County, Wisconsin",389,43857
0500000US18181,"White County, Indiana",1305,24643
0500000US27091,"Martin County, Minnesota",428,20840
0500000US34027,"Morris County, New Jersey",5487,492276
0500000US42017,"Bucks County, Pennsylvania",6853,625249
0500000US48073,"Cherokee County, Texas",8892,50845
0500000US13131,"Grady County, Georgia",1573,25011
0500000US26159,"Van Buren County, Michigan",6246,76258
0500000US40019,"Carter County, Oklahoma",1877,47557
0500000US16053,"Jerome County, Idaho",5627,22374
0500000US18059,"Hancock County, Indiana",847,70002
0500000US22103,"St. Tammany Parish, Louisiana",3255,233740
0500000US47119,"Maury County, Tennessee",2550,80956
0500000US29195,"Saline County, Missouri",998,23370
0500000US40085,"Love County, Oklahoma",934,9423
0500000US48171,"Gillespie County, Texas",4370,24837
0500000US48197,"Hardeman County, Texas",661,4139
0500000US51660,"Harrisonburg city, Virginia",2633,48914
0500000US48047,"Brooks County, Texas",6436,7223
0500000US48175,"Goliad County, Texas",2182,7210
0500000US06101,"Sutter County, California",23767,94737
0500000US13233,"Polk County, Georgia",3353,41475
0500000US37163,"Sampson County, North Carolina",6600,63431
0500000US41071,"Yamhill County, Oregon",11741,99193
0500000US42021,"Cambria County, Pennsylvania",814,143679
0500000US55095,"Polk County, Wisconsin",416,44205
0500000US04025,"Yavapai County, Arizona",23186,211033
0500000US20125,"Montgomery County, Kansas",1280,35471
0500000US20203,"Wichita County, Kansas",437,2234
0500000US48475,"Ward County, Texas",4549,10658
0500000US05119,"Pulaski County, Arkansas",13651,382748
0500000US20177,"Shawnee County, Kansas",15541,177934
0500000US21227,"Warren County, Kentucky",2480,113792
0500000US29107,"Lafayette County, Missouri",571,33381
0500000US47125,"Montgomery County, Tennessee",5705,172331
0500000US12095,"Orange County, Florida",36773,1145956
0500000US27043,"Faribault County, Minnesota",572,14553
0500000US47117,"Marshall County, Tennessee",1219,30617
0500000US48161,"Freestone County, Texas",2269,19816
0500000US48277,"Lamar County, Texas",2563,49793
0500000US27027,"Clay County, Minnesota",1963,58999
0500000US53071,"Walla Walla County, Washington",9727,58781
0500000US39057,"Greene County, Ohio",1662,161573
0500000US48209,"Hays County, Texas",25532,157107
0500000US51087,"Henrico County, Virginia",4881,306935
0500000US05003,"Ashley County, Arkansas",855,21853
0500000US12017,"Citrus County, Florida",1174,141236
0500000US37065,"Edgecombe County, North Carolina",1647,56552
0500000US48165,"Gaines County, Texas",5605,17526
0500000US55009,"Brown County, Wisconsin",13273,248007
0500000US17099,"LaSalle County, Illinois",7209,113924
0500000US37013,"Beaufort County, North Carolina",2354,47759
0500000US41065,"Wasco County, Oregon",3268,25213
0500000US21083,"Graves County, Kentucky",1388,37121
0500000US24045,"Wicomico County, Maryland",1362,98733
0500000US41003,"Benton County, Oregon",3949,85579
0500000US55109,"St. Croix County, Wisconsin",1093,84345
0500000US13277,"Tift County, Georgia",3652,40118
0500000US37023,"Burke County, North Carolina",1488,90912
0500000US48313,"Madison County, Texas",2396,13664
0500000US20119,"Meade County, Kansas",582,4575
0500000US40087,"McClain County, Oklahoma",1918,34506
0500000US48507,"Zavala County, Texas",10252,11677
0500000US26093,"Livingston County, Michigan",2178,180967
0500000US48137,"Edwards County, Texas",1057,2002
0500000US48449,"Titus County, Texas",10880,32334
0500000US51177,"Spotsylvania County, Virginia",2546,122397
0500000US06093,"Siskiyou County, California",3778,44900
0500000US18071,"Jackson County, Indiana",1923,42376
0500000US20045,"Douglas County, Kansas",3660,110826
0500000US48105,"Crockett County, Texas",2026,3719
0500000US26161,"Washtenaw County, Michigan",7015,344791
0500000US37107,"Lenoir County, North Carolina",2847,59495
0500000US39017,"Butler County, Ohio",7772,368130
0500000US41049,"Morrow County, Oregon",2912,11173
0500000US13299,"Ware County, Georgia",1150,36312
0500000US31151,"Saline County, Nebraska",1340,14200
0500000US01051,"Elmore County, Alabama",1359,79303
0500000US41027,"Hood River County, Oregon",5955,22346
0500000US48429,"Stephens County, Texas",1740,9630
0500000US04019,"Pima County, Arizona",294766,980263
0500000US16045,"Gem County, Idaho",1031,16719
0500000US24043,"Washington County, Maryland",811,147430
0500000US48019,"Bandera County, Texas",2966,20485
0500000US48501,"Yoakum County, Texas",3910,7879
0500000US55001,"Adams County, Wisconsin",388,20875
0500000US27169,"Winona County, Minnesota",922,51461
0500000US48035,"Bosque County, Texas",2640,18212
0500000US48389,"Reeves County, Texas",10633,13783
0500000US51760,"Richmond city, Virginia",3849,204214
0500000US22071,"Orleans Parish, Louisiana",4724,343829
0500000US37069,"Franklin County, North Carolina",3323,60619
0500000US40013,"Bryan County, Oklahoma",1558,42416
0500000US40079,"Le Flore County, Oklahoma",2951,50384
0500000US55029,"Door County, Wisconsin",557,27785
0500000US55121,"Trempealeau County, Wisconsin",1084,28816
0500000US06099,"Stanislaus County, California",190793,514453
0500000US30049,"Lewis and Clark County, Montana",1000,63395
0500000US40147,"Washington County, Oklahoma",1961,50976
0500000US54039,"Kanawha County, West Virginia",772,193063
0500000US55057,"Juneau County, Wisconsin",298,26664
0500000US16031,"Cassia County, Idaho",4870,22952
0500000US48007,"Aransas County, Texas",4853,23158
0500000US13123,"Gilmer County, Georgia",1278,28292
0500000US37047,"Columbus County, North Carolina",2331,58098
0500000US48057,"Calhoun County, Texas",8347,21381
0500000US72127,"San Juan Municipio, Puerto Rico",1723,395326
0500000US34029,"Ocean County, New Jersey",13398,576567
0500000US40057,"Harmon County, Oklahoma",656,2922
0500000US18003,"Allen County, Indiana",16539,355329
0500000US37089,"Henderson County, North Carolina",7884,106740
0500000US12063,"Jackson County, Florida",836,49746
0500000US48273,"Kleberg County, Texas",17548,32061
0500000US48299,"Llano County, Texas",1364,19301
0500000US08001,"Adams County, Colorado",128820,441603
0500000US08035,"Douglas County, Colorado",11783,285465
0500000US18081,"Johnson County, Indiana",2888,139654
0500000US20189,"Stevens County, Kansas",1558,5724
0500000US28089,"Madison County, Mississippi",1710,95203
0500000US37077,"Granville County, North Carolina",3295,59916
0500000US48237,"Jack County, Texas",889,9044
0500000US48043,"Brewster County, Texas",3182,9232
0500000US20093,"Kearny County, Kansas",986,3977
0500000US31119,"Madison County, Nebraska",3155,34876
0500000US48163,"Frio County, Texas",11436,17217
0500000US06005,"Amador County, California",3560,38091
0500000US11001,"District of Columbia, District of Columbia",8381,601723
0500000US32005,"Douglas County, Nevada",3473,46997
0500000US40135,"Sequoyah County, Oklahoma",1075,42391
0500000US48223,"Hopkins County, Texas",4529,35161
0500000US48255,"Karnes County, Texas",5906,14824
0500000US48377,"Presidio County, Texas",5838,7818
0500000US36045,"Jefferson County, New York",1730,116229
0500000US39037,"Darke County, Ohio",525,52959
0500000US48281,"Lampasas County, Texas",2865,19677
0500000US16039,"Elmore County, Idaho",3576,27038
0500000US28047,"Harrison County, Mississippi",4490,187105
0500000US35009,"Curry County, New Mexico",13736,48376
0500000US48081,"Coke County, Texas",608,3320
0500000US48135,"Ector County, Texas",63155,137130
0500000US53075,"Whitman County, Washington",1218,44776
0500000US22057,"Lafourche Parish, Louisiana",1465,96318
0500000US36005,"Bronx County, New York",70568,1385108
0500000US48347,"Nacogdoches County, Texas",9245,64524
0500000US01009,"Blount County, Alabama",3788,57322
0500000US06107,"Tulare County, California",244611,442179
0500000US36029,"Erie County, New York",4473,919040
0500000US48459,"Upshur County, Texas",2139,39309
0500000US04017,"Navajo County, Arizona",8783,107449
0500000US22051,"Jefferson Parish, Louisiana",10709,432552
0500000US39113,"Montgomery County, Ohio",6230,535153
0500000US48397,"Rockwall County, Texas",8130,78337
0500000US41031,"Jefferson County, Oregon",3519,21720
0500000US48325,"Medina County, Texas",19479,46006
0500000US05007,"Benton County, Arkansas",22653,221339
0500000US28123,"Scott County, Mississippi",1623,28264
0500000US28033,"DeSoto County, Mississippi",5592,161252
0500000US41019,"Douglas County, Oregon",3823,107667
0500000US48075,"Childress County, Texas",1636,7041
0500000US48115,"Dawson County, Texas",6628,13833
0500000US08087,"Morgan County, Colorado",8469,28159
0500000US39139,"Richland County, Ohio",852,124475
0500000US40089,"McCurtain County, Oklahoma",1409,33151
0500000US17167,"Sangamon County, Illinois",2030,197465
0500000US37037,"Chatham County, North Carolina",5395,63505
0500000US48127,"Dimmit County, Texas",7895,9996
0500000US22017,"Caddo Parish, Louisiana",3156,254969
0500000US37179,"Union County, North Carolina",11692,201292
0500000US56003,"Big Horn County, Wyoming",816,11668
0500000US08049,"Grand County, Colorado",668,14843
0500000US48079,"Cochran County, Texas",1501,3127
0500000US48297,"Live Oak County, Texas",3853,11531
0500000US27021,"Cass County, Minnesota",297,28567
0500000US29021,"Buchanan County, Missouri",2854,89201
0500000US49001,"Beaver County, Utah",459,6629
0500000US26155,"Shiawassee County, Michigan",1287,70648
0500000US39137,"Putnam County, Ohio",1352,34499
0500000US40119,"Payne County, Oklahoma",2352,77350
0500000US08011,"Bent County, Colorado",990,6499
0500000US13073,"Columbia County, Georgia",2389,124053
0500000US40021,"Cherokee County, Oklahoma",2629,46987
0500000US40113,"Osage County, Oklahoma",1168,47472
0500000US01077,"Lauderdale County, Alabama",1584,92709
0500000US19155,"Pottawattamie County, Iowa",4448,93158
0500000US37169,"Stokes County, North Carolina",1137,47401
0500000US37195,"Wilson County, North Carolina",5996,81234
0500000US39153,"Summit County, Ohio",4694,541781
0500000US48265,"Kerr County, Texas",10380,49625
0500000US12049,"Hardee County, Florida",9762,27731
0500000US16033,"Clark County, Idaho",416,982
0500000US17077,"Jackson County, Illinois",1041,60218
0500000US25023,"Plymouth County, Massachusetts",1241,494919
0500000US39101,"Marion County, Ohio",892,66501
0500000US40123,"Pontotoc County, Oklahoma",1296,37492
0500000US02016,"Aleutians West Census Area, Alaska",947,5561
0500000US13157,"Jackson County, Georgia",2130,60485
0500000US20075,"Hamilton County, Kansas",606,2690
0500000US47003,"Bedford County, Tennessee",4166,45058
0500000US40111,"Okmulgee County, Oklahoma",954,40069
0500000US15007,"Kauai County, Hawaii",1646,67091
0500000US41043,"Linn County, Oregon",7453,116672
0500000US24005,"Baltimore County, Maryland",7192,805029
0500000US39133,"Portage County, Ohio",773,161419
0500000US48025,"Bee County, Texas",15782,31861
0500000US29169,"Pulaski County, Missouri",2202,52274
0500000US12117,"Seminole County, Florida",7675,422718
0500000US40017,"Canadian County, Oklahoma",5717,115541
0500000US48381,"Randall County, Texas",15195,120725
0500000US18063,"Hendricks County, Indiana",2296,145448
0500000US16055,"Kootenai County, Idaho",3866,138494
0500000US21211,"Shelby County, Kentucky",2955,42074
0500000US35055,"Taos County, New Mexico",3472,32937
0500000US18179,"Wells County, Indiana",487,27636
0500000US49047,"Uintah County, Utah",1602,32588
0500000US50007,"Chittenden County, Vermont",859,156545
0500000US55027,"Dodge County, Wisconsin",2708,88759
0500000US19061,"Dubuque County, Iowa",1186,93653
0500000US27139,"Scott County, Minnesota",4383,129928
0500000US34025,"Monmouth County, New Jersey",20784,630380
0500000US34035,"Somerset County, New Jersey",7268,323444
0500000US49051,"Wasatch County, Utah",2109,23530
0500000US55077,"Marquette County, Wisconsin",229,15404
0500000US06019,"Fresno County, California",419172,930450
0500000US32015,"Lander County, Nevada",1123,5775
0500000US49035,"Salt Lake County, Utah",124254,1029655
0500000US55021,"Columbia County, Wisconsin",1164,56833
0500000US56043,"Washakie County, Wyoming",806,8533
0500000US42049,"Erie County, Pennsylvania",1720,280566
0500000US05113,"Polk County, Arkansas",990,20662
0500000US06007,"Butte County, California",24788,220000
0500000US42041,"Cumberland County, Pennsylvania",1204,235406
0500000US01103,"Morgan County, Alabama",6654,119490
0500000US13015,"Bartow County, Georgia",5385,100157
0500000US49057,"Weber County, Utah",29871,231236
0500000US56041,"Uinta County, Wyoming",1175,21118
0500000US19099,"Jasper County, Iowa",508,36842
0500000US20061,"Geary County, Kansas",1590,34362
0500000US28145,"Union County, Mississippi",1000,27134
0500000US46103,"Pennington County, South Dakota",2965,100948
0500000US12061,"Indian River County, Florida",9438,138028
0500000US17037,"DeKalb County, Illinois",8005,105160
0500000US22105,"Tangipahoa Parish, Louisiana",2441,121097
0500000US27163,"Washington County, Minnesota",5875,238136
0500000US13137,"Habersham County, Georgia",3954,43041
0500000US21145,"McCracken County, Kentucky",930,65565
0500000US47079,"Henry County, Tennessee",474,32330
0500000US48367,"Parker County, Texas",10317,116927
0500000US09003,"Hartford County, Connecticut",7197,894014
0500000US13117,"Forsyth County, Georgia",8844,175511
0500000US18145,"Shelby County, Indiana",1124,44436
0500000US42133,"York County, Pennsylvania",4145,434972
0500000US27089,"Marshall County, Minnesota",236,9439
0500000US37119,"Mecklenburg County, North Carolina",45580,919628
0500000US39061,"Hamilton County, Ohio",8042,802374
0500000US13019,"Berrien County, Georgia",655,19286
0500000US37159,"Rowan County, North Carolina",6494,138428
0500000US48041,"Brazos County, Texas",34518,194851
0500000US48469,"Victoria County, Texas",33322,86793
0500000US06113,"Yolo County, California",49157,200849
0500000US01095,"Marshall County, Alabama",6557,93019
0500000US13285,"Troup County, Georgia",1535,67044
0500000US19103,"Johnson County, Iowa",3175,130882
0500000US23005,"Cumberland County, Maine",929,281674
0500000US35007,"Colfax County, New Mexico",2570,13750
0500000US55087,"Outagamie County, Wisconsin",4885,176695
0500000US04027,"Yuma County, Arizona",106009,195751
0500000US36105,"Sullivan County, New York",1225,77547
0500000US40009,"Beckham County, Oklahoma",1963,22119
0500000US37105,"Lee County, North Carolina",5889,57866
0500000US48361,"Orange County, Texas",3308,81837
0500000US45059,"Laurens County, South Carolina",1654,66537
0500000US48109,"Culberson County, Texas",1747,2398
0500000US48467,"Van Zandt County, Texas",4306,52579
0500000US17063,"Grundy County, Illinois",3329,50063
0500000US29047,"Clay County, Missouri",8644,221939
0500000US40073,"Kingfisher County, Oklahoma",1675,15034
0500000US06013,"Contra Costa County, California",171731,1049025
0500000US18057,"Hamilton County, Indiana",4651,274569
0500000US20169,"Saline County, Kansas",4429,55606
0500000US42095,"Northampton County, Pennsylvania",2366,297735
0500000US45003,"Aiken County, South Carolina",4583,160099
0500000US48327,"Menard County, Texas",607,2242
0500000US09015,"Windham County, Connecticut",2080,118428
0500000US37171,"Surry County, North Carolina",5585,73673
0500000US48227,"Howard County, Texas",10729,35012
0500000US06057,"Nevada County, California",6196,98764
0500000US13113,"Fayette County, Georgia",2806,106567
0500000US35019,"Guadalupe County, New Mexico",895,4687
0500000US26077,"Kalamazoo County, Michigan",6749,250331
0500000US39093,"Lorain County, Ohio",6589,301356
0500000US02170,"Matanuska-Susitna Borough, Alaska",1947,88995
0500000US13219,"Oconee County, Georgia",710,32808
0500000US02122,"Kenai Peninsula Borough, Alaska",920,55400
0500000US18147,"Spencer County, Indiana",403,20952
0500000US48001,"Anderson County, Texas",7391,58458
0500000US28139,"Tippah County, Mississippi",593,22232
0500000US40011,"Blaine County, Oklahoma",1545,11943
0500000US47177,"Warren County, Tennessee",2344,39839
0500000US48147,"Fannin County, Texas",2673,33915
0500000US55039,"Fond du Lac County, Wisconsin",3291,101633
0500000US01117,"Shelby County, Alabama",7320,195085
0500000US06009,"Calaveras County, California",3900,45578
0500000US27037,"Dakota County, Minnesota",14655,398552
0500000US51685,"Manassas Park city, Virginia",1149,14273
0500000US04013,"Maricopa County, Arizona",971841,3817117
0500000US48419,"Shelby County, Texas",3700,25448
0500000US15009,"Maui County, Hawaii",5657,154834
0500000US42007,"Beaver County, Pennsylvania",850,170539
0500000US06069,"San Benito County, California",27786,55269
0500000US37085,"Harnett County, North Carolina",7175,114678
0500000US53015,"Cowlitz County, Washington",5799,102410
0500000US06111,"Ventura County, California",283648,823318
0500000US17201,"Winnebago County, Illinois",24610,295266
0500000US21093,"Hardin County, Kentucky",2314,105543
0500000US26017,"Bay County, Michigan",4260,107771
0500000US34001,"Atlantic County, New Jersey",8173,274549
0500000US51510,"Alexandria city, Virginia",2820,139966
0500000US55073,"Marathon County, Wisconsin",1940,134063
0500000US01045,"Dale County, Alabama",1257,50251
0500000US37161,"Rutherford County, North Carolina",1374,67810
0500000US48125,"Dickens County, Texas",636,2444
0500000US08109,"Saguache County, Colorado",1790,6108
0500000US40097,"Mayes County, Oklahoma",890,41259
0500000US17031,"Cook County, Illinois",930542,5194675
0500000US29119,"McDonald County, Missouri",2202,23083
0500000US51770,"Roanoke city, Virginia",2042,97032
0500000US56009,"Converse County, Wyoming",607,13833
0500000US08123,"Weld County, Colorado",57774,252825
0500000US35027,"Lincoln County, New Mexico",4263,20497
0500000US13175,"Laurens County, Georgia",941,48434
0500000US20079,"Harvey County, Kansas",3076,34684
0500000US20099,"Labette County, Kansas",735,21607
0500000US39041,"Delaware County, Ohio",1436,174214
0500000US40031,"Comanche County, Oklahoma",7656,124098
0500000US01069,"Houston County, Alabama",1519,101547
0500000US06047,"Merced County, California",126402,255793
0500000US17027,"Clinton County, Illinois",784,37762
0500000US26139,"Ottawa County, Michigan",17905,263801
0500000US48225,"Houston County, Texas",2038,23732
0500000US55045,"Green County, Wisconsin",644,36842
0500000US08013,"Boulder County, Colorado",28326,294567
0500000US18067,"Howard County, Indiana",1571,82752
0500000US53073,"Whatcom County, Washington",10924,201140
0500000US19127,"Marshall County, Iowa",5578,40648
0500000US20161,"Riley County, Kansas",2797,71115
0500000US22015,"Bossier Parish, Louisiana",4838,116979
0500000US48241,"Jasper County, Texas",1741,35710
0500000US27171,"Wright County, Minnesota",1935,124700
0500000US48247,"Jim Hogg County, Texas",4388,5300
0500000US13011,"Banks County, Georgia",706,18395
0500000US16081,"Teton County, Idaho",1216,10170
0500000US17157,"Randolph County, Illinois",550,33476
0500000US19173,"Taylor County, Iowa",257,6317
0500000US48415,"Scurry County, Texas",4738,16921
0500000US48471,"Walker County, Texas",7906,67861
0500000US48141,"El Paso County, Texas",597937,800647
0500000US19139,"Muscatine County, Iowa",5277,42745
0500000US36111,"Ulster County, New York",3083,182493
0500000US40141,"Tillman County, Oklahoma",1597,7992
0500000US24021,"Frederick County, Maryland",2705,233385
0500000US35029,"Luna County, New Mexico",13883,25095
0500000US19013,"Black Hawk County, Iowa",3367,131090
0500000US36027,"Dutchess County, New York",6041,297488
0500000US38017,"Cass County, North Dakota",2228,149778
0500000US17111,"McHenry County, Illinois",27267,308760
0500000US19049,"Dallas County, Iowa",2354,66135
0500000US31051,"Dixon County, Nebraska",382,6000
0500000US37079,"Greene County, North Carolina",2571,21362
0500000US37101,"Johnston County, North Carolina",14444,168878
0500000US40139,"Texas County, Oklahoma",6562,20640
0500000US10001,"Kent County, Delaware",2612,162310
0500000US18001,"Adams County, Indiana",1242,34387
0500000US24017,"Charles County, Maryland",1560,146551
0500000US21067,"Fayette County, Kentucky",13310,295803
0500000US22039,"Evangeline Parish, Louisiana",388,33984
0500000US27141,"Sherburne County, Minnesota",1309,88499
0500000US48219,"Hockley County, Texas",8609,22935
0500000US48303,"Lubbock County, Texas",72506,278831
0500000US48505,"Zapata County, Texas",12370,14018
0500000US06025,"Imperial County, California",129344,174528
0500000US29145,"Newton County, Missouri",1451,58114
0500000US37191,"Wayne County, North Carolina",8092,122623
0500000US47123,"Monroe County, Tennessee",1225,44519
0500000US48145,"Falls County, Texas",3216,17866
0500000US16013,"Blaine County, Idaho",3528,21376
0500000US20185,"Stafford County, Kansas",403,4437
0500000US32027,"Pershing County, Nevada",1227,6753
0500000US48291,"Liberty County, Texas",11015,75643
0500000US15003,"Honolulu County, Hawaii",20347,953207
0500000US37035,"Catawba County, North Carolina",8846,154358
0500000US37087,"Haywood County, North Carolina",1280,59036
0500000US48477,"Washington County, Texas",3916,33718
0500000US48491,"Williamson County, Texas",73754,422679
0500000US39085,"Lake County, Ohio",5111,230041
0500000US48061,"Cameron County, Texas",328563,406220
0500000US48051,"Burleson County, Texas",2440,17187
0500000US48151,"Fisher County, Texas",784,3974
0500000US08081,"Moffat County, Colorado",1322,13795
0500000US16011,"Bingham County, Idaho",6583,45607
0500000US27039,"Dodge County, Minnesota",738,20087
0500000US48387,"Red River County, Texas",708,12860
0500000US08063,"Kit Carson County, Colorado",1163,8270
0500000US13031,"Bulloch County, Georgia",1616,70217
0500000US12011,"Broward County, Florida",28983,1748066
0500000US36081,"Queens County, New York",77983,2230722
0500000US40109,"Oklahoma County, Oklahoma",81920,718633
0500000US45085,"Sumter County, South Carolina",2027,107456
0500000US48159,"Franklin County, Texas",1048,10605
0500000US53017,"Douglas County, Washington",9298,38431
0500000US04011,"Greenlee County, Arizona",3383,8437
0500000US40133,"Seminole County, Oklahoma",654,25482
0500000US06081,"San Mateo County, California",112535,718451
0500000US37067,"Forsyth County, North Carolina",24551,350670
0500000US37133,"Onslow County, North Carolina",7204,177772
0500000US45021,"Cherokee County, South Carolina",1388,55342
0500000US17177,"Stephenson County, Illinois",931,47711
0500000US40007,"Beaver County, Oklahoma",919,5636
0500000US01097,"Mobile County, Alabama",4348,412992
0500000US17041,"Douglas County, Illinois",1082,19980
0500000US18095,"Madison County, Indiana",2915,131636
0500000US26163,"Wayne County, Michigan",69231,1820584
0500000US47009,"Blount County, Tennessee",2283,123010
0500000US47113,"Madison County, Tennessee",2118,98294
0500000US20055,"Finney County, Kansas",12941,36776
0500000US53061,"Snohomish County, Washington",45636,713335
0500000US04007,"Gila County, Arizona",7807,53597
0500000US51840,"Winchester city, Virginia",2063,26203
0500000US08121,"Washington County, Colorado",388,4814
0500000US27049,"Goodhue County, Minnesota",1025,46183
0500000US27173,"Yellow Medicine County, Minnesota",229,10438
0500000US39069,"Henry County, Ohio",1522,28215
0500000US12127,"Volusia County, Florida",11603,494593
0500000US40049,"Garvin County, Oklahoma",946,27576
0500000US40083,"Logan County, Oklahoma",1477,41848
0500000US45035,"Dorchester County, South Carolina",2561,136555
0500000US47131,"Obion County, Tennessee",885,31807
0500000US05143,"Washington County, Arkansas",22020,203065
0500000US31123,"Morrill County, Nebraska",623,5042
0500000US01003,"Baldwin County, Alabama",4209,182265
0500000US17017,"Cass County, Illinois",1635,13642
0500000US22019,"Calcasieu Parish, Louisiana",2453,192768
0500000US37147,"Pitt County, North Carolina",5695,168148
0500000US55081,"Monroe County, Wisconsin",1332,44673
0500000US08099,"Prowers County, Colorado",3611,12551
0500000US32003,"Clark County, Nevada",411108,1951269
0500000US39165,"Warren County, Ohio",2468,212693
0500000US49011,"Davis County, Utah",15544,306479
0500000US55123,"Vernon County, Wisconsin",279,29773
0500000US06053,"Monterey County, California",202558,415057
0500000US06061,"Placer County, California",31187,348432
0500000US35033,"Mora County, New Mexico",1001,4881
0500000US48383,"Reagan County, Texas",1871,3367
0500000US08007,"Archuleta County, Colorado",1328,12084
0500000US40071,"Kay County, Oklahoma",2582,46562
0500000US51061,"Fauquier County, Virginia",1910,65203
0500000US04021,"Pinal County, Arizona",84998,375770
0500000US17181,"Union County, Illinois",749,17808
0500000US47089,"Jefferson County, Tennessee",974,51407
0500000US13271,"Telfair County, Georgia",899,16500
0500000US16005,"Bannock County, Idaho",4418,82839
0500000US27093,"Meeker County, Minnesota",577,23300
0500000US28059,"Jackson County, Mississippi",2972,139668
0500000US39095,"Lucas County, Ohio",19706,441815
0500000US49003,"Box Elder County, Utah",3142,49975
0500000US53067,"Thurston County, Washington",10640,252264
0500000US55035,"Eau Claire County, Wisconsin",1207,98736
0500000US08083,"Montezuma County, Colorado",1599,25535
0500000US48395,"Robertson County, Texas",2674,16622
0500000US38099,"Walsh County, North Dakota",743,11119
0500000US40041,"Delaware County, Oklahoma",1100,41487
0500000US19045,"Clinton County, Iowa",1001,49116
0500000US35059,"Union County, New Mexico",779,4549
0500000US48321,"Matagorda County, Texas",12642,36702
0500000US08107,"Routt County, Colorado",1148,23509
0500000US33013,"Merrimack County, New Hampshire",639,146445
0500000US37055,"Dare County, North Carolina",1158,33920
0500000US25021,"Norfolk County, Massachusetts",2420,670850
0500000US12021,"Collier County, Florida",37224,321520
0500000US19163,"Scott County, Iowa",7584,165224
0500000US32023,"Nye County, Nevada",4926,43946
0500000US12086,"Miami-Dade County, Florida",51863,2496435
0500000US39025,"Clermont County, Ohio",1568,197363
0500000US41011,"Coos County, Oregon",2679,63043
0500000US55055,"Jefferson County, Wisconsin",4556,83686
0500000US37009,"Ashe County, North Carolina",1086,27281
0500000US47141,"Putnam County, Tennessee",2729,72321
0500000US21111,"Jefferson County, Kentucky",14335,741096
0500000US22073,"Ouachita Parish, Louisiana",1843,153720
0500000US39039,"Defiance County, Ohio",2439,39037
0500000US48117,"Deaf Smith County, Texas",11739,19372
0500000US55131,"Washington County, Wisconsin",2208,131887
0500000US25025,"Suffolk County, Massachusetts",8885,722023
0500000US18053,"Grant County, Indiana",1934,70061
0500000US37183,"Wake County, North Carolina",45878,900993
0500000US08029,"Delta County, Colorado",3283,30952
0500000US31037,"Colfax County, Nebraska",2780,10515
0500000US34033,"Salem County, New Jersey",921,66083
0500000US48375,"Potter County, Texas",37546,121073
0500000US27147,"Steele County, Minnesota",1816,36576
0500000US48205,"Hartley County, Texas",1114,6062
0500000US53057,"Skagit County, Washington",15981,116901
0500000US06055,"Napa County, California",36495,136484
0500000US18141,"St. Joseph County, Indiana",14167,266931
0500000US36025,"Delaware County, New York",410,47980
0500000US08115,"Sedgwick County, Colorado",151,2379
0500000US12043,"Glades County, Florida",1349,12884
0500000US24013,"Carroll County, Maryland",1675,167134
0500000US26073,"Isabella County, Michigan",1431,70311
0500000US08031,"Denver County, Colorado",153369,600158
0500000US17081,"Jefferson County, Illinois",602,38827
0500000US20191,"Sumner County, Kansas",828,24132
0500000US37141,"Pender County, North Carolina",2365,52217
0500000US45073,"Oconee County, South Carolina",2160,74273
0500000US08095,"Phillips County, Colorado",761,4442
0500000US40027,"Cleveland County, Oklahoma",11369,255755
0500000US12039,"Gadsden County, Florida",2162,46389
0500000US13051,"Chatham County, Georgia",6558,265128
0500000US20067,"Grant County, Kansas",3075,7829
0500000US37125,"Moore County, North Carolina",3386,88247
0500000US27019,"Carver County, Minnesota",2247,91042
0500000US32033,"White Pine County, Nevada",1071,10030
0500000US48363,"Palo Pinto County, Texas",4635,28111
0500000US12033,"Escambia County, Florida",4619,297619
0500000US51143,"Pittsylvania County, Virginia",1132,63506
0500000US06087,"Santa Cruz County, California",72279,262382
0500000US13097,"Douglas County, Georgia",6074,132403
0500000US34037,"Sussex County, New Jersey",845,149265
0500000US48407,"San Jacinto County, Texas",2030,26384
0500000US35039,"Rio Arriba County, New Mexico",6157,40246
0500000US53049,"Pacific County, Washington",1460,20920
0500000US55127,"Walworth County, Wisconsin",8836,102228
0500000US17095,"Knox County, Illinois",1724,52919
0500000US55063,"La Crosse County, Wisconsin",1184,114638
0500000US40065,"Jackson County, Oklahoma",4683,26446
0500000US49005,"Cache County, Utah",6806,112656
0500000US53025,"Grant County, Washington",28891,89120
0500000US55135,"Waupaca County, Wisconsin",1020,52410
0500000US06045,"Mendocino County, California",16753,87841
0500000US31019,"Buffalo County, Nebraska",2604,46102
0500000US48305,"Lynn County, Texas",2453,5915
0500000US13129,"Gordon County, Georgia",4425,55186
0500000US34039,"Union County, New Jersey",11222,536499
0500000US51540,"Charlottesville city, Virginia",1239,43475
0500000US13075,"Cook County, Georgia",850,17212
0500000US18011,"Boone County, Indiana",859,56640
0500000US26051,"Gladwin County, Michigan",217,25692
0500000US34009,"Cape May County, New Jersey",1463,97265
0500000US36055,"Monroe County, New York",3375,744344
0500000US37153,"Richmond County, North Carolina",2186,46639
0500000US55011,"Buffalo County, Wisconsin",157,13587
0500000US06079,"San Luis Obispo County, California",44791,269637
0500000US35006,"Cibola County, New Mexico",4365,27213
0500000US04023,"Santa Cruz County, Arizona",36259,47420
0500000US39151,"Stark County, Ohio",2376,375586
0500000US30063,"Missoula County, Montana",1577,109299
0500000US39007,"Ashtabula County, Ohio",1449,101497
0500000US01073,"Jefferson County, Alabama",17173,658466
0500000US27059,"Isanti County, Minnesota",476,37816
0500000US34023,"Middlesex County, New Jersey",26995,809858
0500000US35051,"Sierra County, New Mexico",942,11988
0500000US01043,"Cullman County, Alabama",2680,80406
0500000US01125,"Tuscaloosa County, Alabama",3648,194656
0500000US42011,"Berks County, Pennsylvania",10206,411442
0500000US42069,"Lackawanna County, Pennsylvania",1830,214437
0500000US17183,"Vermilion County, Illinois",2923,81625
0500000US27013,"Blue Earth County, Minnesota",907,64013
0500000US26081,"Kent County, Michigan",39118,602622
0500000US27015,"Brown County, Minnesota",585,25893
0500000US48243,"Jeff Davis County, Texas",795,2342
0500000US01049,"DeKalb County, Alabama",6484,71109
0500000US05071,"Johnson County, Arkansas",2773,25540
0500000US12051,"Hendry County, Florida",12664,39140
0500000US21073,"Franklin County, Kentucky",841,49285
0500000US36109,"Tompkins County, New York",735,101564
0500000US18099,"Marshall County, Indiana",3488,47051
0500000US29009,"Barry County, Missouri",2090,35597
0500000US48421,"Sherman County, Texas",1008,3034
0500000US09013,"Tolland County, Connecticut",700,152691
0500000US41033,"Josephine County, Oregon",4094,82713
0500000US53045,"Mason County, Washington",3251,60699
0500000US06097,"Sonoma County, California",98653,483878
0500000US09005,"Litchfield County, Connecticut",776,189927
0500000US16087,"Washington County, Idaho",1445,10198
0500000US19083,"Hardin County, Iowa",433,17534
0500000US29069,"Dunklin County, Missouri",1464,31953
0500000US48003,"Andrews County, Texas",6179,14786
0500000US29099,"Jefferson County, Missouri",2266,218733
0500000US45091,"York County, South Carolina",4922,226073
0500000US18097,"Marion County, Indiana",58073,903393
0500000US12075,"Levy County, Florida",1063,40801
0500000US48343,"Morris County, Texas",850,12934
0500000US16077,"Power County, Idaho",2061,7817
0500000US33011,"Hillsborough County, New Hampshire",4275,400721
0500000US10005,"Sussex County, Delaware",6049,197145
0500000US13121,"Fulton County, Georgia",43870,920581
0500000US36059,"Nassau County, New York",10684,1339532
0500000US26121,"Muskegon County, Michigan",6602,172188
0500000US48251,"Johnson County, Texas",22140,150934
0500000US48341,"Moore County, Texas",10157,21904
0500000US27083,"Lyon County, Minnesota",1015,25857
0500000US48309,"McLennan County, Texas",46675,234906
0500000US08067,"La Plata County, Colorado",2851,51334
0500000US18005,"Bartholomew County, Indiana",3488,76794
0500000US48187,"Guadalupe County, Texas",36071,131533
0500000US48413,"Schleicher County, Texas",1430,3461
0500000US55117,"Sheboygan County, Wisconsin",4918,115507
0500000US17019,"Champaign County, Illinois",6799,201081
0500000US34015,"Gloucester County, New Jersey",2685,288288
0500000US40051,"Grady County, Oklahoma",1986,52431
0500000US40101,"Muskogee County, Oklahoma",2822,70990
0500000US28121,"Rankin County, Mississippi",2052,141617
0500000US39155,"Trumbull County, Ohio",1184,210312
0500000US48055,"Caldwell County, Texas",8849,38066
0500000US48385,"Real County, Texas",689,3309
0500000US56015,"Goshen County, Wyoming",995,13249
0500000US27111,"Otter Tail County, Minnesota",1268,57303
0500000US35011,"De Baca County, New Mexico",316,2022
0500000US37003,"Alexander County, North Carolina",1385,37198
0500000US42079,"Luzerne County, Pennsylvania",3506,320918
0500000US47163,"Sullivan County, Tennessee",1195,156823
0500000US06037,"Los Angeles County, California",3541205,9818605
0500000US13139,"Hall County, Georgia",35461,179684
0500000US18019,"Clark County, Indiana",3814,110232
0500000US37063,"Durham County, North Carolina",19507,267587
0500000US06077,"San Joaquin County, California",225143,685306
0500000US12083,"Marion County, Florida",7899,331298
0500000US35049,"Santa Fe County, New Mexico",29649,144170
0500000US19069,"Franklin County, Iowa",949,10680
0500000US31039,"Cuming County, Nebraska",673,9139
0500000US27105,"Nobles County, Minnesota",2774,21378
0500000US34021,"Mercer County, New Jersey",5951,366513
0500000US47155,"Sevier County, Tennessee",1783,89889
0500000US48017,"Bailey County, Texas",2611,7165
0500000US06035,"Lassen County, California",4914,34895
0500000US48085,"Collin County, Texas",81167,782341
0500000US06017,"El Dorado County, California",16078,181058
0500000US13021,"Bibb County, Georgia",2128,155547
0500000US26117,"Montcalm County, Michigan",1542,63342
0500000US26019,"Benzie County, Michigan",274,17525
0500000US48139,"Ellis County, Texas",29728,149610
0500000US48317,"Martin County, Texas",2010,4799
0500000US01115,"St. Clair County, Alabama",1142,83593
0500000US16051,"Jefferson County, Idaho",2126,26140
0500000US18089,"Lake County, Indiana",62580,496005
0500000US48451,"Tom Green County, Texas",33476,110224
0500000US45053,"Jasper County, South Carolina",2370,24777
0500000US40137,"Stephens County, Oklahoma",2252,45048
0500000US48427,"Starr County, Texas",57512,60968
0500000US40149,"Washita County, Oklahoma",670,11629
0500000US47179,"Washington County, Tennessee",2285,122979
0500000US05061,"Howard County, Arkansas",1182,13789
0500000US20187,"Stanton County, Kansas",796,2235
0500000US22003,"Allen Parish, Louisiana",562,25764
0500000US22085,"Sabine Parish, Louisiana",465,24233
0500000US26065,"Ingham County, Michigan",14509,280895
0500000US05051,"Garland County, Arkansas",3650,96024
0500000US06109,"Tuolumne County, California",4789,55365
0500000US22063,"Livingston Parish, Louisiana",1714,128026
0500000US45007,"Anderson County, South Carolina",2884,187126
0500000US48213,"Henderson County, Texas",7535,78532
0500000US25013,"Hampden County, Massachusetts",3114,463490
0500000US48195,"Hansford County, Texas",2110,5613
0500000US45015,"Berkeley County, South Carolina",4892,177843
0500000US48233,"Hutchinson County, Texas",3829,22150
0500000US55047,"Green Lake County, Wisconsin",623,19051
0500000US16047,"Gooding County, Idaho",3479,15464
0500000US48435,"Sutton County, Texas",2353,4128
0500000US40067,"Jefferson County, Oklahoma",455,6472
0500000US40145,"Wagoner County, Oklahoma",2595,73085
0500000US08003,"Alamosa County, Colorado",3601,15445
0500000US39063,"Hancock County, Ohio",2682,74782
0500000US12027,"DeSoto County, Florida",8524,34862
0500000US19113,"Linn County, Iowa",3898,211226
0500000US19169,"Story County, Iowa",1438,89542
0500000US20149,"Pottawatomie County, Kansas",527,21604
0500000US26075,"Jackson County, Michigan",3445,160248
0500000US48231,"Hunt County, Texas",9702,86129
0500000US49043,"Summit County, Utah",3280,36324
0500000US51171,"Shenandoah County, Virginia",866,41993
0500000US42091,"Montgomery County, Pennsylvania",10964,799874
0500000US49007,"Carbon County, Utah",2020,21403
0500000US19183,"Washington County, Iowa",768,21704
0500000US36065,"Oneida County, New York",1039,234878
0500000US38015,"Burleigh County, North Dakota",810,81308
0500000US27129,"Renville County, Minnesota",846,15730
0500000US31111,"Lincoln County, Nebraska",1942,36288
0500000US08077,"Mesa County, Colorado",12377,146723
0500000US34011,"Cumberland County, New Jersey",11663,156898
0500000US48053,"Burnet County, Texas",7570,42750
0500000US55019,"Clark County, Wisconsin",933,34690
0500000US17197,"Will County, Illinois",83656,677560
0500000US31153,"Sarpy County, Nebraska",8158,158840
0500000US48143,"Erath County, Texas",6430,37890
0500000US26109,"Menominee County, Michigan",253,24029
0500000US31047,"Dawson County, Nebraska",5750,24326
0500000US37109,"Lincoln County, North Carolina",3017,78265
0500000US13045,"Carroll County, Georgia",3703,110527
0500000US27103,"Nicollet County, Minnesota",946,32727
0500000US47033,"Crockett County, Tennessee",942,14586
0500000US55053,"Jackson County, Wisconsin",352,20449
0500000US26087,"Lapeer County, Michigan",3013,88319
0500000US04001,"Apache County, Arizona",2827,71518
0500000US24510,"Baltimore city, Maryland",8473,620961
0500000US41067,"Washington County, Oregon",63405,529710
0500000US12081,"Manatee County, Florida",25163,322833
0500000US18091,"LaPorte County, Indiana",4676,111467
0500000US35005,"Chaves County, New Mexico",26601,65645
0500000US51041,"Chesterfield County, Virginia",5141,316236
0500000US04003,"Cochise County, Arizona",37451,131346
0500000US26125,"Oakland County, Michigan",26188,1202362
0500000US27165,"Watonwan County, Minnesota",1754,11211
0500000US29071,"Franklin County, Missouri",1046,101492
0500000US37059,"Davie County, North Carolina",1954,41240
0500000US53005,"Benton County, Washington",26002,175177
0500000US09011,"New London County, Connecticut",2326,274055
0500000US17093,"Kendall County, Illinois",12895,114736
0500000US17121,"Marion County, Illinois",491,39437
0500000US19149,"Plymouth County, Iowa",387,24986
0500000US36013,"Chautauqua County, New York",970,134905
0500000US42043,"Dauphin County, Pennsylvania",3700,268100
0500000US48453,"Travis County, Texas",271391,1024266
0500000US51700,"Newport News city, Virginia",4713,180719
0500000US39023,"Clark County, Ohio",2720,138333
0500000US40039,"Custer County, Oklahoma",3155,27469
0500000US13245,"Richmond County, Georgia",2450,200549
0500000US27145,"Stearns County, Minnesota",2933,150642
0500000US37027,"Caldwell County, North Carolina",1725,83029
0500000US39003,"Allen County, Ohio",1323,106331
0500000US39123,"Ottawa County, Ohio",1367,41428
0500000US51047,"Culpeper County, Virginia",1944,46689
0500000US53037,"Kittitas County, Washington",2375,40915
0500000US56007,"Carbon County, Wyoming",1698,15885
0500000US45071,"Newberry County, South Carolina",1907,37508
0500000US48029,"Bexar County, Texas",830214,1714773
0500000US49049,"Utah County, Utah",34327,516564
0500000US29095,"Jackson County, Missouri",41640,674158
0500000US37051,"Cumberland County, North Carolina",9977,319431
0500000US47157,"Shelby County, Tennessee",34236,927644
0500000US48333,"Mills County, Texas",891,4936
0500000US48487,"Wilbarger County, Texas",3091,13535
0500000US48157,"Fort Bend County, Texas",92779,585375
0500000US48267,"Kimble County, Texas",1045,4607
0500000US18039,"Elkhart County, Indiana",21189,197559
0500000US18167,"Vigo County, Indiana",1576,107848
0500000US36117,"Wayne County, New York",1339,93772
0500000US41041,"Lincoln County, Oregon",3027,46034
0500000US06043,"Mariposa County, California",1379,18251
0500000US08023,"Costilla County, Colorado",899,3524
0500000US42125,"Washington County, Pennsylvania",851,207820
0500000US12001,"Alachua County, Florida",2426,247336
0500000US28013,"Calhoun County, Mississippi",627,14962
0500000US45055,"Kershaw County, South Carolina",1110,61697
0500000US47011,"Bradley County, Tennessee",2820,98963
0500000US13087,"Decatur County, Georgia",983,27842
0500000US19197,"Wright County, Iowa",892,13229
0500000US47107,"McMinn County, Tennessee",1117,52266
0500000US48059,"Callahan County, Texas",970,13544
0500000US49039,"Sanpete County, Utah",1868,27822
0500000US47093,"Knox County, Tennessee",6940,432226
0500000US48401,"Rusk County, Texas",6156,53330
0500000US12101,"Pasco County, Florida",11179,464697
0500000US12119,"Sumter County, Florida",1998,93420
0500000US17007,"Boone County, Illinois",9515,54165
0500000US18107,"Montgomery County, Indiana",1340,38124
0500000US48183,"Gregg County, Texas",16649,121730
0500000US48177,"Gonzales County, Texas",8026,19807
0500000US48259,"Kendall County, Texas",5372,33410
0500000US26049,"Genesee County, Michigan",10049,425790
0500000US26111,"Midland County, Michigan",1141,83629
0500000US45063,"Lexington County, South Carolina",7958,262391
0500000US37135,"Orange County, North Carolina",6438,133801
0500000US18151,"Steuben County, Indiana",697,34185
0500000US13151,"Henry County, Georgia",3808,203922
0500000US20081,"Haskell County, Kansas",989,4256
0500000US18023,"Clinton County, Indiana",3527,33224
0500000US48239,"Jackson County, Texas",3577,14075
0500000US51013,"Arlington County, Virginia",4236,207627
0500000US51650,"Hampton city, Virginia",2399,137436
0500000US40047,"Garfield County, Oklahoma",3986,60580
0500000US13057,"Cherokee County, Georgia",10105,214346
0500000US17091,"Kankakee County, Illinois",7939,113449
0500000US17107,"Logan County, Illinois",653,30305
0500000US16065,"Madison County, Idaho",1358,37536
0500000US48253,"Jones County, Texas",4256,20202
0500000US48335,"Mitchell County, Texas",2659,9403
0500000US16043,"Fremont County, Idaho",1504,13242
0500000US48181,"Grayson County, Texas",10927,120877
0500000US48323,"Maverick County, Texas",48600,54258
0500000US05125,"Saline County, Arkansas",1894,107118
0500000US41013,"Crook County, Oregon",1357,20978
0500000US48217,"Hill County, Texas",5652,35089
0500000US48229,"Hudspeth County, Texas",2585,3476
0500000US13115,"Floyd County, Georgia",4920,96317
0500000US48077,"Clay County, Texas",417,10752
0500000US48371,"Pecos County, Texas",9474,15507
0500000US55111,"Sauk County, Wisconsin",1862,61976
0500000US22079,"Rapides Parish, Louisiana",2174,131613
0500000US40075,"Kiowa County, Oklahoma",779,9446
0500000US45013,"Beaufort County, South Carolina",9636,162233
0500000US51710,"Norfolk city, Virginia",4611,242803
0500000US48089,"Colorado County, Texas",4747,20874
0500000US06085,"Santa Clara County, California",385430,1781642
0500000US22011,"Beauregard Parish, Louisiana",416,35654
0500000US37025,"Cabarrus County, North Carolina",10639,178011
0500000US48279,"Lamb County, Texas",5979,13977
0500000US53055,"San Juan County, Washington",565,15769
0500000US55101,"Racine County, Wisconsin",18163,195408
0500000US04009,"Graham County, Arizona",9533,37220
0500000US30031,"Gallatin County, Montana",1865,89513
0500000US39109,"Miami County, Ohio",885,102506
0500000US13069,"Coffee County, Georgia",3671,42356
0500000US26009,"Antrim County, Michigan",258,23580
0500000US32007,"Elko County, Nevada",9285,48818
0500000US48439,"Tarrant County, Texas",387989,1809034
0500000US22069,"Natchitoches Parish, Louisiana",430,39566
0500000US45077,"Pickens County, South Carolina",2188,119224
0500000US53065,"Stevens County, Washington",823,43531
0500000US18105,"Monroe County, Indiana",2282,137974
0500000US19033,"Cerro Gordo County, Iowa",1292,44151
0500000US26059,"Hillsdale County, Michigan",616,46688
0500000US29097,"Jasper County, Missouri",4632,117404
0500000US51165,"Rockingham County, Virginia",2170,76314
0500000US16067,"Minidoka County, Idaho",5363,20069
0500000US20015,"Butler County, Kansas",1724,65880
0500000US10003,"New Castle County, Delaware",19848,538479
0500000US47031,"Coffee County, Tennessee",1653,52796
0500000US47187,"Williamson County, Tennessee",4586,183182
0500000US01101,"Montgomery County, Alabama",4551,229363
0500000US06033,"Lake County, California",8841,64665
0500000US27025,"Chisago County, Minnesota",621,53887
0500000US29159,"Pettis County, Missouri",2050,42201
0500000US19187,"Webster County, Iowa",1135,38013
0500000US25027,"Worcester County, Massachusetts",3566,798552
0500000US41057,"Tillamook County, Oregon",1954,25250
0500000US24011,"Caroline County, Maryland",682,33066
0500000US30111,"Yellowstone County, Montana",5193,147972
0500000US48167,"Galveston County, Texas",50280,291309
0500000US53063,"Spokane County, Washington",13708,471221
0500000US29189,"St. Louis County, Missouri",13236,998954
0500000US29051,"Cole County, Missouri",1102,75990
0500000US35001,"Bernalillo County, New Mexico",148124,662564
0500000US40081,"Lincoln County, Oklahoma",762,34273
0500000US48101,"Cottle County, Texas",206,1505
0500000US55025,"Dane County, Wisconsin",17388,488073
0500000US20175,"Seward County, Kansas",11267,22952
0500000US21185,"Oldham County, Kentucky",1230,60316
0500000US40001,"Adair County, Oklahoma",1092,22683
0500000US13089,"DeKalb County, Georgia",39007,691893
0500000US05131,"Sebastian County, Arkansas",11071,125744
0500000US06039,"Madera County, California",72460,150865
0500000US29183,"St. Charles County, Missouri",6010,360485
0500000US42001,"Adams County, Pennsylvania",4222,101407
0500000US48499,"Wood County, Texas",2799,41964
0500000US13215,"Muscogee County, Georgia",4907,189885
0500000US20111,"Lyon County, Kansas",5699,33690
0500000US40059,"Harper County, Oklahoma",519,3685
0500000US17089,"Kane County, Illinois",131055,515269
0500000US17179,"Tazewell County, Illinois",1728,135394
0500000US48067,"Cass County, Texas",901,30464
0500000US35057,"Torrance County, New Mexico",3490,16383
0500000US48349,"Navarro County, Texas",9896,47735
0500000US05011,"Bradley County, Arkansas",1208,11508
0500000US06075,"San Francisco County, California",61741,805235
0500000US08037,"Eagle County, Colorado",13112,52197
0500000US19111,"Lee County, Iowa",881,35862
0500000US48285,"Lavaca County, Texas",2586,19263
0500000US04005,"Coconino County, Arizona",15543,134421
0500000US13247,"Rockdale County, Georgia",5818,85215
0500000US17103,"Lee County, Illinois",1266,36031
0500000US17109,"McDonough County, Illinois",645,32612
0500000US27107,"Norman County, Minnesota",215,6852
0500000US48005,"Angelina County, Texas",14434,86771
0500000US19047,"Crawford County, Iowa",2704,17096
0500000US21015,"Boone County, Kentucky",2723,118811
0500000US27079,"Le Sueur County, Minnesota",1119,27703
0500000US47149,"Rutherford County, Tennessee",8708,262604
0500000US27003,"Anoka County, Minnesota",7285,330844
0500000US35041,"Roosevelt County, New Mexico",5281,19846
0500000US37197,"Yadkin County, North Carolina",3096,38406
0500000US48173,"Glasscock County, Texas",376,1226
0500000US35025,"Lea County, New Mexico",28566,64727
0500000US29077,"Greene County, Missouri",5379,275174
0500000US12073,"Leon County, Florida",3438,275487
0500000US34019,"Hunterdon County, New Jersey",1293,128349
0500000US05123,"St. Francis County, Arkansas",823,28258
0500000US18149,"Starke County, Indiana",591,23363
0500000US27099,"Mower County, Minnesota",3286,39163
0500000US37045,"Cleveland County, North Carolina",2132,98078
0500000US12109,"St. Johns County, Florida",1574,190039
0500000US37091,"Hertford County, North Carolina",374,24669
0500000US18163,"Vanderburgh County, Indiana",2783,179703
0500000US31079,"Hall County, Nebraska",7567,58607
0500000US06021,"Glenn County, California",9287,28122
0500000US27151,"Swift County, Minnesota",220,9783
0500000US40095,"Marshall County, Oklahoma",1940,15840
0500000US48131,"Duval County, Texas",9877,11782
0500000US48185,"Grimes County, Texas",4933,26604
0500000US56025,"Natrona County, Wyoming",3529,75450
0500000US72113,"Ponce Municipio, Puerto Rico",942,166327
0500000US08005,"Arapahoe County, Colorado",75203,572003
0500000US08075,"Logan County, Colorado",2705,22709
0500000US13223,"Paulding County, Georgia",3904,142324
0500000US37151,"Randolph County, North Carolina",11305,141752
0500000US41035,"Klamath County, Oregon",5850,66380
0500000US55105,"Rock County, Wisconsin",9285,160331
0500000US53011,"Clark County, Washington",22204,425363
0500000US34013,"Essex County, New Jersey",8774,783969
0500000US53035,"Kitsap County, Washington",10328,251133
0500000US40121,"Pittsburg County, Oklahoma",1565,45837
0500000US05093,"Mississippi County, Arkansas",1504,46480
0500000US12087,"Monroe County, Florida",1701,73090
0500000US31141,"Platte County, Nebraska",2929,32237
0500000US48095,"Concho County, Texas",1781,4087
0500000US48169,"Garza County, Texas",3272,6461
0500000US48189,"Hale County, Texas",17699,36273
0500000US12009,"Brevard County, Florida",6193,543376
0500000US34005,"Burlington County, New Jersey",3554,448734
0500000US12085,"Martin County, Florida",4943,146318
0500000US37001,"Alamance County, North Carolina",11359,151131
0500000US37021,"Buncombe County, North Carolina",8516,238318
0500000US01005,"Barbour County, Alabama",1127,27457
0500000US01121,"Talladega County, Alabama",1264,82291
0500000US13225,"Peach County, Georgia",1454,27695
0500000US26047,"Emmet County, Michigan",303,32694
0500000US27007,"Beltrami County, Minnesota",396,44442
0500000US37061,"Duplin County, North Carolina",6026,58505
0500000US48039,"Brazoria County, Texas",70700,313166
0500000US48503,"Young County, Texas",2351,18550
0500000US51107,"Loudoun County, Virginia",4974,312311
0500000US27005,"Becker County, Minnesota",309,32504
0500000US36061,"New York County, New York",42044,1585873
0500000US37127,"Nash County, North Carolina",4658,95840
0500000US48479,"Webb County, Texas",217373,250304
0500000US39051,"Fulton County, Ohio",2600,42698
0500000US16069,"Nez Perce County, Idaho",630,39265
0500000US01021,"Chilton County, Alabama",2681,43643
0500000US20069,"Gray County, Kansas",747,6006
0500000US31013,"Box Butte County, Nebraska",964,11308
0500000US39103,"Medina County, Ohio",878,172332
0500000US42003,"Allegheny County, Pennsylvania",5299,1223348
0500000US49053,"Washington County, Utah",9466,138115
0500000US53009,"Clallam County, Washington",2602,71404
0500000US12115,"Sarasota County, Florida",10683,379448
0500000US20091,"Johnson County, Kansas",26437,544179
0500000US42045,"Delaware County, Pennsylvania",3227,558979
0500000US39147,"Seneca County, Ohio",2191,56745
0500000US48257,"Kaufman County, Texas",14427,103350
0500000US13127,"Glynn County, Georgia",3235,79626
0500000US26105,"Mason County, Michigan",970,28705
0500000US34017,"Hudson County, New Jersey",20283,634266
0500000US48179,"Gray County, Texas",4601,22535
0500000US55139,"Winnebago County, Wisconsin",4148,166994
0500000US06031,"Kings County, California",70141,152982
0500000US20013,"Brown County, Kansas",298,9984
0500000US39169,"Wayne County, Ohio",966,114520
0500000US48485,"Wichita County, Texas",17299,131500
0500000US26005,"Allegan County, Michigan",5377,111408
0500000US28075,"Lauderdale County, Mississippi",764,80261
0500000US36087,"Rockland County, New York",4626,311687
0500000US53001,"Adams County, Washington",9657,18728
0500000US05063,"Independence County, Arkansas",1310,36647
0500000US17113,"McLean County, Illinois",4795,169572
0500000US21117,"Kenton County, Kentucky",2316,159720
0500000US31131,"Otoe County, Nebraska",746,15740
0500000US32019,"Lyon County, Nevada",5501,51980
0500000US35047,"San Miguel County, New Mexico",5550,29393
0500000US40037,"Creek County, Oklahoma",1704,69967
0500000US55079,"Milwaukee County, Wisconsin",78299,947735
0500000US12131,"Walton County, Florida",877,55043
0500000US48069,"Castro County, Texas",4197,8062
0500000US06049,"Modoc County, California",1132,9686
0500000US26055,"Grand Traverse County, Michigan",1408,86986
0500000US26063,"Huron County, Michigan",534,33118
0500000US26089,"Leelanau County, Michigan",702,21708
0500000US48373,"Polk County, Texas",5089,45413
0500000US48191,"Hall County, Texas",977,3353
0500000US48329,"Midland County, Texas",44597,136872
0500000US19115,"Louisa County, Iowa",1583,11387
0500000US08101,"Pueblo County, Colorado",41842,159063
0500000US13261,"Sumter County, Georgia",1424,32819
0500000US20155,"Reno County, Kansas",4547,64511
0500000US39173,"Wood County, Ohio",3988,125488
0500000US08014,"Broomfield County, Colorado",3785,55889
0500000US19167,"Sioux County, Iowa",2234,33704
0500000US29165,"Platte County, Missouri",3012,89322
0500000US37081,"Guilford County, North Carolina",20768,488406
0500000US48355,"Nueces County, Texas",165411,340223
0500000US48365,"Panola County, Texas",1601,23796
0500000US48497,"Wise County, Texas",8490,59127
0500000US24037,"St. Mary's County, Maryland",1216,105151
0500000US49027,"Millard County, Utah",1053,12503
0500000US13071,"Colquitt County, Georgia",5929,45498
0500000US13135,"Gwinnett County, Georgia",79128,805321
0500000US42129,"Westmoreland County, Pennsylvania",933,365169
0500000US47043,"Dickson County, Tennessee",1040,49666
0500000US53029,"Island County, Washington",2530,78506
0500000US01031,"Coffee County, Alabama",1473,49948
0500000US08069,"Larimer County, Colorado",21903,299630
0500000US08125,"Yuma County, Colorado",1884,10043
0500000US35037,"Quay County, New Mexico",1661,9041
0500000US48399,"Runnels County, Texas",3030,10501
0500000US48443,"Terrell County, Texas",382,984
0500000US12057,"Hillsborough County, Florida",56923,1229226
0500000US21239,"Woodford County, Kentucky",1288,24939
0500000US36071,"Orange County, New York",16804,372813
0500000US40125,"Pottawatomie County, Oklahoma",2014,69442
0500000US48091,"Comal County, Texas",21162,108472
0500000US05057,"Hempstead County, Arkansas",2381,22609
0500000US37093,"Hoke County, North Carolina",2579,46952
0500000US41029,"Jackson County, Oregon",17493,203206
0500000US45057,"Lancaster County, South Carolina",1985,76652
0500000US48063,"Camp County, Texas",2354,12401
0500000US48461,"Upton County, Texas",1355,3355
0500000US06023,"Humboldt County, California",10231,134623
0500000US35028,"Los Alamos County, New Mexico",891,17950
0500000US48049,"Brown County, Texas",6695,38106
0500000US08045,"Garfield County, Colorado",11884,56389
0500000US32013,"Humboldt County, Nevada",3341,16528
0500000US47059,"Greene County, Tennessee",1310,68831
0500000US05015,"Carroll County, Arkansas",2335,27446
0500000US39035,"Cuyahoga County, Ohio",10841,1280122
0500000US48339,"Montgomery County, Texas",64093,455746
0500000US48481,"Wharton County, Texas",13597,41280
0500000US08059,"Jefferson County, Colorado",48023,534543
0500000US20133,"Neosho County, Kansas",542,16512
0500000US27035,"Crow Wing County, Minnesota",447,62500
0500000US29037,"Cass County, Missouri",2845,99478
0500000US39049,"Franklin County, Ohio",30721,1163414
0500000US45075,"Orangeburg County, South Carolina",1292,92501
0500000US48353,"Nolan County, Texas",3846,15216
0500000US02020,"Anchorage Municipality, Alaska",10858,291826
0500000US27109,"Olmsted County, Minnesota",4330,144248
0500000US36067,"Onondaga County, New York",1976,467026
0500000US47063,"Hamblen County, Tennessee",5293,62544
0500000US48465,"Val Verde County, Texas",36873,48879
0500000US48483,"Wheeler County, Texas",1034,5410
0500000US48027,"Bell County, Texas",41253,310235
0500000US48473,"Waller County, Texas",10146,43205
0500000US27067,"Kandiyohi County, Minnesota",4041,42239
0500000US48093,"Comanche County, Texas",2904,13974
0500000US05149,"Yell County, Arkansas",3563,22185
0500000US20041,"Dickinson County, Kansas",647,19754
0500000US36091,"Saratoga County, New York",710,219607
0500000US41017,"Deschutes County, Oregon",8818,157733
0500000US26151,"Sanilac County, Michigan",1190,43114
0500000US32510,"Carson City, Nevada",8458,55274
0500000US35035,"Otero County, New Mexico",17792,63797
0500000US48423,"Smith County, Texas",30140,209714
0500000US56001,"Albany County, Wyoming",1314,36299
0500000US08105,"Rio Grande County, Colorado",2939,11982
0500000US12015,"Charlotte County, Florida",2372,159978
0500000US12053,"Hernando County, Florida",2214,172778
0500000US02110,"Juneau City and Borough, Alaska",1007,31275
0500000US05139,"Union County, Arkansas",896,41639
0500000US22089,"St. Charles Parish, Louisiana",930,52780
0500000US22109,"Terrebonne Parish, Louisiana",2579,111860
0500000US12097,"Osceola County, Florida",7607,268685
0500000US37113,"Macon County, North Carolina",1505,33922
0500000US40015,"Caddo County, Oklahoma",2554,29600
0500000US22005,"Ascension Parish, Louisiana",2627,107215
0500000US31055,"Douglas County, Nebraska",43447,517110
0500000US12047,"Hamilton County, Florida",460,14799
0500000US48221,"Hood County, Texas",4300,51182
0500000US06067,"Sacramento County, California",239368,1418788
0500000US21151,"Madison County, Kentucky",1426,82916
0500000US29213,"Taney County, Missouri",1438,51675
0500000US37129,"New Hanover County, North Carolina",5696,202667
0500000US48045,"Briscoe County, Texas",365,1637
0500000US48307,"McCulloch County, Texas",2044,8283
0500000US06105,"Trinity County, California",708,13786
0500000US45079,"Richland County, South Carolina",7563,384504
0500000US36079,"Putnam County, New York",1419,99710
0500000US12071,"Lee County, Florida",31770,618754
0500000US12103,"Pinellas County, Florida",20161,916542
0500000US19179,"Wapello County, Iowa",2078,35625
0500000US48331,"Milam County, Texas",5332,24757
0500000US08025,"Crowley County, Colorado",550,5823
0500000US37071,"Gaston County, North Carolina",6641,206086
0500000US55059,"Kenosha County, Wisconsin",14249,166426
0500000US05033,"Crawford County, Arkansas",1753,61948
0500000US06041,"Marin County, California",18665,252409
0500000US23003,"Aroostook County, Maine",205,71870
0500000US36007,"Broome County, New York",887,200600
0500000US39099,"Mahoning County, Ohio",2812,238823
0500000US53027,"Grays Harbor County, Washington",4859,72797
0500000US18073,"Jasper County, Indiana",1401,33478
0500000US26107,"Mecosta County, Michigan",499,42798
0500000US48207,"Haskell County, Texas",1210,5899
0500000US48289,"Leon County, Texas",1899,16801
0500000US53033,"King County, Washington",114828,1931249
0500000US29510,"St. Louis city, Missouri",7482,319294
0500000US30013,"Cascade County, Montana",1760,81327
0500000US12005,"Bay County, Florida",2597,168852
0500000US16083,"Twin Falls County, Idaho",8613,77230
0500000US51003,"Albemarle County, Virginia",2669,98970
0500000US48087,"Collingsworth County, Texas",1007,3057
0500000US51001,"Accomack County, Virginia",1228,33164
0500000US17097,"Lake County, Illinois",108261,703462
0500000US08117,"Summit County, Colorado",2897,27994
0500000US16057,"Latah County, Idaho",953,37244
0500000US17075,"Iroquois County, Illinois",1417,29718
0500000US18111,"Newton County, Indiana",517,14244
0500000US26037,"Clinton County, Michigan",2282,75382
0500000US48199,"Hardin County, Texas",1738,54635
0500000US48337,"Montague County, Texas",1261,19719
0500000US05145,"White County, Arkansas",1907,77076
0500000US08055,"Huerfano County, Colorado",729,6711
0500000US41009,"Columbia County, Oregon",1725,49351
0500000US51199,"York County, Virginia",1350,65464
0500000US21047,"Christian County, Kentucky",2370,73955
0500000US26045,"Eaton County, Michigan",3612,107759
0500000US13003,"Atkinson County, Georgia",1763,8375
0500000US13267,"Tattnall County, Georgia",1846,25520
0500000US26115,"Monroe County, Michigan",3504,152021
0500000US29019,"Boone County, Missouri",2833,162642
0500000US47075,"Haywood County, Tennessee",579,18787
0500000US16041,"Franklin County, Idaho",636,12786
0500000US19153,"Polk County, Iowa",24005,430640
0500000US42029,"Chester County, Pennsylvania",17315,498886
0500000US55061,"Kewaunee County, Wisconsin",336,20574
0500000US16001,"Ada County, Idaho",20865,392365
0500000US55071,"Manitowoc County, Wisconsin",1891,81442
0500000US55089,"Ozaukee County, Wisconsin",1310,86395
0500000US48021,"Bastrop County, Texas",20871,74171
0500000US48271,"Kinney County, Texas",1675,3598
0500000US51810,"Virginia Beach city, Virginia",7397,437994
0500000US01015,"Calhoun County, Alabama",2353,118572
0500000US35015,"Eddy County, New Mexico",18594,53829
0500000US08071,"Las Animas County, Colorado",2494,15507
0500000US13013,"Barrow County, Georgia",3101,69367
0500000US13295,"Walker County, Georgia",756,68756
0500000US31157,"Scotts Bluff County, Nebraska",6824,36970
0500000US48193,"Hamilton County, Texas",650,8517
0500000US37017,"Bladen County, North Carolina",1881,35190
0500000US39143,"Sandusky County, Ohio",4439,60944
0500000US08085,"Montrose County, Colorado",6084,41276
0500000US20035,"Cowley County, Kansas",2605,36311
0500000US26099,"Macomb County, Michigan",12076,840978
0500000US05115,"Pope County, Arkansas",2191,61754
0500000US17143,"Peoria County, Illinois",5219,186494
0500000US48245,"Jefferson County, Texas",32284,252273
0500000US24033,"Prince George's County, Maryland",22734,863420
0500000US48293,"Limestone County, Texas",3622,23384
0500000US18033,"DeKalb County, Indiana",867,42223
0500000US27047,"Freeborn County, Minnesota",2229,31255
0500000US27137,"St. Louis County, Minnesota",1533,200226
0500000US06015,"Del Norte County, California",4372,28610
0500000US48031,"Blanco County, Texas",1659,10497
0500000US53077,"Yakima County, Washington",98158,243231
0500000US01089,"Madison County, Alabama",8606,334811
0500000US49041,"Sevier County, Utah",692,20802
0500000US06071,"San Bernardino County, California",830124,2035210
0500000US29211,"Sullivan County, Missouri",753,6714
0500000US41051,"Multnomah County, Oregon",57213,735334
0500000US39043,"Erie County, Ohio",1878,77079
0500000US45019,"Charleston County, South Carolina",11037,350209
0500000US48489,"Willacy County, Texas",17985,22134
0500000US42089,"Monroe County, Pennsylvania",1241,169842
0500000US15001,"Hawaii County, Hawaii",6067,185079
0500000US36103,"Suffolk County, New York",15729,1493350
0500000US13179,"Liberty County, Georgia",1646,63453
0500000US31109,"Lancaster County, Nebraska",11271,285407
0500000US01059,"Franklin County, Alabama",2406,31704
0500000US20009,"Barton County, Kansas",3167,27674
0500000US37123,"Montgomery County, North Carolina",3593,27798
0500000US40143,"Tulsa County, Oklahoma",49755,603403
0500000US48111,"Dallam County, Texas",2131,6703
0500000US48437,"Swisher County, Texas",2669,7854
0500000US01055,"Etowah County, Alabama",1430,104430
0500000US35023,"Hidalgo County, New Mexico",2744,4894
0500000US44003,"Kent County, Rhode Island",1370,166158
0500000US26147,"St. Clair County, Michigan",3825,163040
0500000US35043,"Sandoval County, New Mexico",17279,131561
0500000US39045,"Fairfield County, Ohio",1286,146156
0500000US48295,"Lipscomb County, Texas",772,3302
0500000US08039,"Elbert County, Colorado",720,23086
0500000US25015,"Hampshire County, Massachusetts",962,158080
0500000US26015,"Barry County, Michigan",984,59173
0500000US38035,"Grand Forks County, North Dakota",1376,66861
0500000US45083,"Spartanburg County, South Carolina",11730,284307
0500000US48153,"Floyd County, Texas",3170,6446
0500000US39077,"Huron County, Ohio",2826,59626
0500000US42101,"Philadelphia County, Pennsylvania",13295,1526006
0500000US45081,"Saluda County, South Carolina",2024,19875
0500000US05045,"Faulkner County, Arkansas",3512,113237
0500000US37181,"Vance County, North Carolina",2681,45422
0500000US53053,"Pierce County, Washington",46221,795225
0500000US35053,"Socorro County, New Mexico",3064,17866
0500000US42071,"Lancaster County, Pennsylvania",3862,519445
0500000US18017,"Cass County, Indiana",2905,38966
0500000US42107,"Schuylkill County, Pennsylvania",1138,148289
0500000US48013,"Atascosa County, Texas",24625,44911
0500000US34007,"Camden County, New Jersey",10062,513657
0500000US41039,"Lane County, Oregon",19118,351715
0500000US47037,"Davidson County, Tennessee",36308,626681
0500000US55115,"Shawano County, Wisconsin",542,41949
0500000US06115,"Yuba County, California",15307,72155
0500000US45045,"Greenville County, South Carolina",16931,451225
0500000US48495,"Winkler County, Texas",3359,7110
0500000US06103,"Tehama County, California",11522,63463
0500000US12031,"Duval County, Florida",14706,864263
0500000US37193,"Wilkes County, North Carolina",2684,69340
0500000US47105,"Loudon County, Tennessee",2035,48556
0500000US48203,"Harrison County, Texas",5784,65631
0500000US16075,"Payette County, Idaho",2863,22623
0500000US53047,"Okanogan County, Washington",6332,41120
0500000US55133,"Waukesha County, Wisconsin",10576,389891
0500000US17141,"Ogle County, Illinois",4193,53497
0500000US18113,"Noble County, Indiana",4142,47536
0500000US04012,"La Paz County, Arizona",4460,20489
0500000US34003,"Bergen County, New Jersey",7917,905116
0500000US48097,"Cooke County, Texas",5318,38437
0500000US12113,"Santa Rosa County, Florida",2342,151372
0500000US18035,"Delaware County, Indiana",1628,117671
0500000US26025,"Calhoun County, Michigan",4948,136146
0500000US30029,"Flathead County, Montana",1354,90928
0500000US37031,"Carteret County, North Carolina",1482,66469
0500000US12107,"Putnam County, Florida",3517,74364
0500000US40115,"Ottawa County, Oklahoma",1270,31848
0500000US45043,"Georgetown County, South Carolina",1583,60158
0500000US17119,"Madison County, Illinois",5179,269282
0500000US26157,"Tuscola County, Michigan",1125,55729
0500000US28067,"Jones County, Mississippi",1927,67761
0500000US41005,"Clackamas County, Oregon",21356,375992
0500000US12091,"Okaloosa County, Florida",4418,180822
0500000US18043,"Floyd County, Indiana",1518,74578
0500000US29101,"Johnson County, Missouri",790,52595
0500000US31097,"Johnson County, Nebraska",402,5217
0500000US37111,"McDowell County, North Carolina",2012,44996
0500000US37155,"Robeson County, North Carolina",9537,134168
0500000US45047,"Greenwood County, South Carolina",2731,69661
0500000US29043,"Christian County, Missouri",1302,77422
0500000US06059,"Orange County, California",845283,3010232
0500000US22055,"Lafayette Parish, Louisiana",3282,221578
0500000US44007,"Providence County, Rhode Island",6337,626667
0500000US13213,"Murray County, Georgia",3484,39628
0500000US20173,"Sedgwick County, Kansas",51059,498365
0500000US48107,"Crosby County, Texas",2873,6059
0500000US20159,"Rice County, Kansas",721,10083
0500000US48071,"Chambers County, Texas",5384,35096
0500000US48411,"San Saba County, Texas",1497,6131
0500000US51683,"Manassas city, Virginia",3735,37821
0500000US53007,"Chelan County, Washington",15783,72453
0500000US36063,"Niagara County, New York",978,216469
0500000US41059,"Umatilla County, Oregon",15488,75889
0500000US48149,"Fayette County, Texas",3910,24554
0500000US01083,"Limestone County, Alabama",3240,82782
0500000US05133,"Sevier County, Arkansas",4354,17058
0500000US12069,"Lake County, Florida",9926,297052
0500000US48201,"Harris County, Texas",1215483,4092459
0500000US55097,"Portage County, Wisconsin",1444,70019
0500000US16073,"Owyhee County, Idaho",2450,11526
0500000US45037,"Edgefield County, South Carolina",914,26985
0500000US29109,"Lawrence County, Missouri",1712,38634
0500000US27153,"Todd County, Minnesota",1042,24895
0500000US28049,"Hinds County, Mississippi",1938,245285
0500000US32031,"Washoe County, Nevada",72466,421407
0500000US47189,"Wilson County, Tennessee",1913,113993
0500000US17161,"Rock Island County, Illinois",14595,147546
0500000US27161,"Waseca County, Minnesota",573,19136
0500000US34031,"Passaic County, New Jersey",33411,501226
0500000US12111,"St. Lucie County, Florida",14782,277789
0500000US18157,"Tippecanoe County, Indiana",8957,172780
0500000US06011,"Colusa County, California",10139,21419
0500000US45041,"Florence County, South Carolina",1712,136885
0500000US06001,"Alameda County, California",245236,1510271
0500000US08089,"Otero County, Colorado",4815,18831
0500000US42075,"Lebanon County, Pennsylvania",1113,133568
0500000US46099,"Minnehaha County, South Dakota",3388,169468
0500000US13185,"Lowndes County, Georgia",2839,109233
0500000US24003,"Anne Arundel County, Maryland",8958,537656
0500000US48015,"Austin County, Texas",5627,28417
0500000US54037,"Jefferson County, West Virginia",474,53498
0500000US56029,"Park County, Wyoming",1016,28205
0500000US20057,"Ford County, Kansas",13470,33848
0500000US36001,"Albany County, New York",1575,304204
0500000US36085,"Richmond County, New York",13218,468730
0500000US48215,"Hidalgo County, Texas",638309,774769
0500000US53021,"Franklin County, Washington",33992,78163
0500000US32001,"Churchill County, Nevada",2161,24877
0500000US47165,"Sumner County, Tennessee",3187,160645
0500000US13217,"Newton County, Georgia",2233,99958
0500000US37167,"Stanly County, North Carolina",1535,60585
0500000US39125,"Paulding County, Ohio",562,19614
0500000US18085,"Kosciusko County, Indiana",4448,77358
0500000US31043,"Dakota County, Nebraska",6570,21006
0500000US45051,"Horry County, South Carolina",9321,269291
0500000US48357,"Ochiltree County, Texas",3995,10223
0500000US55043,"Grant County, Wisconsin",476,51208
0500000US17115,"Macon County, Illinois",1125,110768
0500000US27119,"Polk County, Minnesota",1145,31600
0500000US48319,"Mason County, Texas",608,4012
0500000US51153,"Prince William County, Virginia",16460,402002
0500000US13305,"Wayne County, Georgia",923,30099
0500000US17029,"Coles County, Illinois",868,53873
0500000US26021,"Berrien County, Michigan",5052,156813
0500000US08021,"Conejos County, Colorado",1698,8256
0500000US09001,"Fairfield County, Connecticut",16919,916829
0500000US35061,"Valencia County, New Mexico",16273,76569
0500000US39089,"Licking County, Ohio",1252,166492
0500000US17073,"Henry County, Illinois",1862,50486
0500000US40131,"Rogers County, Oklahoma",2055,86905
0500000US06029,"Kern County, California",354538,839631
0500000US12093,"Okeechobee County, Florida",7578,39996
0500000US13279,"Toombs County, Georgia",2433,27223
0500000US29031,"Cape Girardeau County, Missouri",1037,75674
0500000US51550,"Chesapeake city, Virginia",3009,222209
0500000US17057,"Fulton County, Illinois",617,37069
0500000US19171,"Tama County, Iowa",935,17767
0500000US31001,"Adams County, Nebraska",1738,31364
0500000US13067,"Cobb County, Georgia",46953,688078
0500000US27115,"Pine County, Minnesota",537,29750
0500000US45025,"Chesterfield County, South Carolina",1452,46734
0500000US48369,"Parmer County, Texas",5171,10269
0500000US12019,"Clay County, Florida",3219,190865
0500000US26101,"Manistee County, Michigan",413,24733
0500000US48493,"Wilson County, Texas",14664,42918
0500000US16019,"Bonneville County, Idaho",9387,104234
0500000US19193,"Woodbury County, Iowa",10518,102172
0500000US20103,"Leavenworth County, Kansas",2550,76227
0500000US27085,"McLeod County, Minnesota",1645,36651
0500000US28087,"Lowndes County, Mississippi",633,59779
0500000US42019,"Butler County, Pennsylvania",924,183862
0500000US48113,"Dallas County, Texas",737693,2368139
0500000US06095,"Solano County, California",75441,413344
0500000US12105,"Polk County, Florida",42658,602095
0500000US36021,"Columbia County, New York",675,63096
0500000US48249,"Jim Wells County, Texas",22601,40838
0500000US56037,"Sweetwater County, Wyoming",4643,43806
0500000US26023,"Branch County, Michigan",1654,45248
0500000US27123,"Ramsey County, Minnesota",24758,508640
0500000US41061,"Union County, Oregon",806,25748
0500000US17163,"St. Clair County, Illinois",5580,270056
0500000US26027,"Cass County, Michigan",1239,52293
0500000US28163,"Yazoo County, Mississippi",618,28065
0500000US39171,"Williams County, Ohio",1219,37642
0500000US41047,"Marion County, Oregon",66247,315335
0500000US37019,"Brunswick County, North Carolina",3534,107431
0500000US51059,"Fairfax County, Virginia",19228,1081726
0500000US51149,"Prince George County, Virginia",819,35725
0500000US35017,"Grant County, New Mexico",10217,29514
0500000US36119,"Westchester County, New York",40142,949113
0500000US02090,"Fairbanks North Star Borough, Alaska",3502,97581
0500000US12055,"Highlands County, Florida",6752,98786
0500000US23031,"York County, Maine",778,197131
0500000US48099,"Coryell County, Texas",8985,75388
0500000US48463,"Uvalde County, Texas",16269,26405
0500000US05085,"Lonoke County, Arkansas",1300,68356
0500000US06083,"Santa Barbara County, California",156247,423895
0500000US09009,"New Haven County, Connecticut",14542,862477
0500000US48123,"DeWitt County, Texas",5612,20097
0500000US17105,"Livingston County, Illinois",1026,38950
0500000US53039,"Klickitat County, Washington",1849,20318
0500000US18127,"Porter County, Indiana",8915,164343
0500000US22045,"Iberia Parish, Louisiana",1305,73240
0500000US22101,"St. Mary Parish, Louisiana",1229,54650
0500000US26123,"Newaygo County, Michigan",2303,48460
0500000US26129,"Ogemaw County, Michigan",247,21699
0500000US26149,"St. Joseph County, Michigan",3516,61295
0500000US47001,"Anderson County, Tennessee",1268,75129
0500000US48103,"Crane County, Texas",1949,4375
0500000US56005,"Campbell County, Wyoming",2449,46133
0500000US20047,"Edwards County, Kansas",411,3037
0500000US21059,"Daviess County, Kentucky",1477,96656
0500000US36073,"Orleans County, New York",850,42883
0500000US48445,"Terry County, Texas",4932,12651
0500000US19021,"Buena Vista County, Iowa",3425,20260
0500000US25017,"Middlesex County, Massachusetts",10580,1503085
0500000US08065,"Lake County, Colorado",2611,7310
0500000US20209,"Wyandotte County, Kansas",34034,157505
0500000US55017,"Chippewa County, Wisconsin",544,62415
0500000US01071,"Jackson County, Alabama",814,53227
0500000US18087,"LaGrange County, Indiana",1137,37128
0500000US49013,"Duchesne County, Utah",844,18607
0500000US22033,"East Baton Rouge Parish, Louisiana",6055,440171
0500000US35013,"Doï¿½a Ana County, New Mexico",120553,209233
0500000US47065,"Hamilton County, Tennessee",6864,336463
0500000US48391,"Refugio County, Texas",2987,7383
0500000US51069,"Frederick County, Virginia",1975,78305
0500000US06073,"San Diego County, California",843391,3095313
0500000US49021,"Iron County, Utah",2796,46163
0500000US18007,"Benton County, Indiana",312,8854
0500000US37049,"Craven County, North Carolina",3106,103505
0500000US48009,"Archer County, Texas",599,9054
0500000US48083,"Coleman County, Texas",1188,8895
0500000US37157,"Rockingham County, North Carolina",4055,93643
0500000US42077,"Lehigh County, Pennsylvania",3801,349497
0500000US42119,"Union County, Pennsylvania",747,44947
0500000US48037,"Bowie County, Texas",5023,92565
0500000US08041,"El Paso County, Colorado",55485,622263
0500000US25009,"Essex County, Massachusetts",4644,743159
0500000US40055,"Greer County, Oklahoma",502,6239
0500000US53041,"Lewis County, Washington",5033,75455
0500000US56013,"Fremont County, Wyoming",1509,40123
0500000US06027,"Inyo County, California",2930,18546
0500000US17043,"DuPage County, Illinois",90425,916924
0500000US13297,"Walton County, Georgia",1623,83768
0500000US16027,"Canyon County, Idaho",37686,188923
0500000US35031,"McKinley County, New Mexico",7154,71492
0500000US38101,"Ward County, North Dakota",1034,61675
0500000US40093,"Major County, Oklahoma",448,7527
0500000US01081,"Lee County, Alabama",1824,140247
0500000US26127,"Oceana County, Michigan",3192,26570
0500000US48287,"Lee County, Texas",3357,16612
0500000US48409,"San Patricio County, Texas",31676,64804
0500000US13313,"Whitfield County, Georgia",25894,102599
0500000US26091,"Lenawee County, Michigan",6291,99892
0500000US37097,"Iredell County, North Carolina",5175,159437
0500000US48133,"Eastland County, Texas",2399,18583
0500000US51089,"Henry County, Virginia",1371,54151
0500000US06089,"Shasta County, California",10530,177223
0500000US49045,"Tooele County, Utah",4306,58218
0500000US26067,"Ionia County, Michigan",2117,63905
0500000US26057,"Gratiot County, Michigan",1947,42476
0500000US55141,"Wood County, Wisconsin",1085,74749
0500000US13077,"Coweta County, Georgia",4191,127317
0500000US24031,"Montgomery County, Maryland",13839,971777
0500000US41045,"Malheur County, Oregon",8420,31313
0500000US54003,"Berkeley County, West Virginia",1687,104169
0500000US55093,"Pierce County, Wisconsin",451,41019
0500000US16063,"Lincoln County, Idaho",1146,5208
0500000US27131,"Rice County, Minnesota",3818,64142
0500000US41053,"Polk County, Oregon",7191,75403
0500000US06051,"Mono County, California",2786,14202
0500000US13109,"Evans County, Georgia",1140,11000
0500000US26145,"Saginaw County, Michigan",13108,200169
0500000US48441,"Taylor County, Texas",23419,131506
0500000US55137,"Waushara County, Wisconsin",1081,24496
0500000US27143,"Sibley County, Minnesota",951,15226
0500000US28149,"Warren County, Mississippi",789,48773
0500000US48283,"La Salle County, Texas",4799,6886
0500000US12099,"Palm Beach County, Florida",48223,1320134
0500000US04015,"Mohave County, Arizona",24622,200186
0500000US17195,"Whiteside County, Illinois",5205,58498
0500000US31053,"Dodge County, Nebraska",2324,36691
0500000US41007,"Clatsop County, Oregon",2334,37039
0500000US05031,"Craighead County, Arkansas",3279,96443
0500000US13059,"Clarke County, Georgia",7318,116714
0500000US13255,"Spalding County, Georgia",891,64073
0500000US36093,"Schenectady County, New York",1103,154727
0500000US37057,"Davidson County, North Carolina",7234,162878
0500000US13063,"Clayton County, Georgia",23995,259424
0500000US25005,"Bristol County, Massachusetts",2227,548285
0500000US36047,"Kings County, New York",88166,2504700
0500000US42055,"Franklin County, Pennsylvania",1892,149618
0500000US55015,"Calumet County, Wisconsin",1387,48971
0500000US56021,"Laramie County, Wyoming",6572,91738
0500000US17011,"Bureau County, Illinois",2110,34978
0500000US47147,"Robertson County, Tennessee",2566,66283
